PUB_AUTHOR	PUB_YEAR	PUB_TITLE	PUB_PAGES	PUB_PARENT_BOOK_TITLE	PUB_PARENT_JOURNAL_TITLE	PUB_PARENT_ARTICLE_TITLE	PUB_PUBLICATION_DATE	PUB_PUBLISHER	PUB_FORMATTED	PUB_QUALIFICATION	PUB_TYPE	PUBLICATION_GUID	PUBLICATION_LAST_UPDATE	PARENT_PUBLICATION_GUID	journal	issn	series	volume	issue	spage	epage	doi	doi_agency	jstor	biostor	pmid	handle	url	pdf	zenodo	zenodo_doi	zenodo_parts	zoobank	isbn	googleBooks	abstract	thumbnailUrl	zootaxa_thumbnail_pdf	free	license	updated
Donisthorpe, H.	1949	Fifth-seventh instalments of the Ross collection of ants from New Guinea.	487-506, 744-759	NULL	Annals and Magazine of Natural History	NULL	NULL	NULL	<!--MARK--><a href='nullf2eb71e9-b631-4db0-9dba-6e2d5ba06bff' class='mouseoverHref'>Donisthorpe, H. 1949. Fifth-seventh instalments of the Ross collection of ants from New Guinea.</a> <!--MARK--><!--MARK--><a href='nullefa8de69-3a29-4a43-8ef2-cbefda205976' class='mouseoverHref'><em>Annals and Magazine of Natural History</em></a> 12 <strong>1 [1948]</strong>: 487-506, 744-759<!--MARK-->	NULL	Article in Journal	f2eb71e9-b631-4db0-9dba-6e2d5ba06bff	2014-04-22 03:16:05	efa8de69-3a29-4a43-8ef2-cbefda205976	NULL	0374-5481	12	1	NULL	487	506	NULL	NULL	NULL	NULL	NULL	NULL	NULL	NULL	NULL	NULL	NULL	NULL	NULL	NULL	NULL	NULL	NULL	NULL	NULL	2018-08-01 19:15:32
Bagnall, R.S.	1949	Contributions towards a knowledge of the Isotomidae (Collembola). VII-XV	82-96	NULL	Annals and Magazine of Natural History	NULL	NULL	NULL	<!--MARK--><a href='nullf2175734-3d44-40b1-94ab-31617de0eca0' class='mouseoverHref'>Bagnall, R.S. 1949. Contributions towards a knowledge of the Isotomidae (Collembola). VII-XV.</a> <!--MARK--><!--MARK--><a href='nullefa8de69-3a29-4a43-8ef2-cbefda205976' class='mouseoverHref'><em>Annals and Magazine of Natural History</em></a> 12 <strong>2</strong>: 82-96<!--MARK-->	NULL	Article in Journal	f2175734-3d44-40b1-94ab-31617de0eca0	2008-10-09 05:11:37	efa8de69-3a29-4a43-8ef2-cbefda205976	NULL	0374-5481	12	2	NULL	82	96	NULL	NULL	NULL	NULL	NULL	NULL	NULL	NULL	NULL	NULL	NULL	NULL	NULL	NULL	NULL	NULL	NULL	NULL	NULL	2018-07-07 17:15:37
Smith, J.L.B.	1949	Forty-two fishes new to South Africa, with notes on others	97-111	NULL	Annals and Magazine of Natural History	NULL	NULL	NULL	<!--MARK--><a href='nullce673951-2c44-47bb-8263-2ab8a8e4a5f7' class='mouseoverHref'>Smith, J.L.B. 1949. Forty-two fishes new to South Africa, with notes on others.</a> <!--MARK--><!--MARK--><a href='nullefa8de69-3a29-4a43-8ef2-cbefda205976' class='mouseoverHref'><em>Annals and Magazine of Natural History</em></a> 12 <strong>2</strong>(7): 97-111<!--MARK-->	NULL	Article in Journal	ce673951-2c44-47bb-8263-2ab8a8e4a5f7	2008-10-09 05:11:37	efa8de69-3a29-4a43-8ef2-cbefda205976	NULL	0374-5481	12	2	7	97	111	NULL	NULL	NULL	NULL	NULL	NULL	NULL	NULL	NULL	NULL	NULL	NULL	NULL	NULL	NULL	NULL	NULL	NULL	NULL	2018-07-07 17:15:37
Hincks, W.D.	1949	Some nomenclatorial notes on Chrysomelidae (Col.). No1, Galerucinae	607-622	NULL	Annals and Magazine of Natural History	NULL	NULL	NULL	<!--MARK--><a href='nullf946fe79-c9de-42cd-a116-d2b2447369ca' class='mouseoverHref'>Hincks, W.D. 1949. Some nomenclatorial notes on Chrysomelidae (Col.). No1, Galerucinae.</a> <!--MARK--><!--MARK--><a href='nullefa8de69-3a29-4a43-8ef2-cbefda205976' class='mouseoverHref'><em>Annals and Magazine of Natural History</em></a> <strong>2</strong>(12): 607-622<!--MARK-->	NULL	Article in Journal	f946fe79-c9de-42cd-a116-d2b2447369ca	2008-10-09 05:11:37	efa8de69-3a29-4a43-8ef2-cbefda205976	NULL	0374-5481	12	2	NULL	607	622	NULL	NULL	NULL	NULL	NULL	NULL	NULL	NULL	NULL	NULL	NULL	NULL	NULL	NULL	NULL	NULL	NULL	NULL	NULL	2018-08-01 19:15:12
Sylvester-Bradley, P.C.	1950	New name of the ostracod <i>Crossophorus</i>	364-364	NULL	Annals and Magazine of Natural History	NULL	NULL	NULL	<!--MARK--><a href='nulle4ef1c18-e2aa-4314-8413-182a0a4a683a' class='mouseoverHref'>Sylvester-Bradley, P.C. 1950. New name of the ostracod <i>Crossophorus</i>.</a> <!--MARK--><!--MARK--><a href='nullefa8de69-3a29-4a43-8ef2-cbefda205976' class='mouseoverHref'><em>Annals and Magazine of Natural History</em></a> <strong>12</strong>(3): 364-364<!--MARK-->	NULL	Article in Journal	e4ef1c18-e2aa-4314-8413-182a0a4a683a	2008-10-09 05:11:37	efa8de69-3a29-4a43-8ef2-cbefda205976	NULL	0374-5481	12	3	NULL	364	364	NULL	NULL	NULL	NULL	NULL	NULL	NULL	NULL	NULL	NULL	NULL	NULL	NULL	NULL	NULL	NULL	NULL	NULL	NULL	2018-08-01 19:14:34
Hincks, W.D.	1950	Some nomenclatorial notes on Chrysomelidae (Col.) No. 3, <i>Cassidinae</i>	506-512	NULL	Annals and Magazine of Natural History	NULL	NULL	NULL	<!--MARK--><a href='null39d4ad45-d6d8-4b2c-81d4-97fa08283943' class='mouseoverHref'>Hincks, W.D. 1950. Some nomenclatorial notes on Chrysomelidae (Col.) No. 3, <i>Cassidinae</i>.</a> <!--MARK--><!--MARK--><a href='nullefa8de69-3a29-4a43-8ef2-cbefda205976' class='mouseoverHref'><em>Annals and Magazine of Natural History</em></a> <strong>3</strong>(12): 506-512<!--MARK-->	NULL	Article in Journal	39d4ad45-d6d8-4b2c-81d4-97fa08283943	2008-10-09 05:11:37	efa8de69-3a29-4a43-8ef2-cbefda205976	NULL	0374-5481	12	3	NULL	506	512	NULL	NULL	NULL	NULL	NULL	NULL	NULL	NULL	NULL	NULL	NULL	NULL	NULL	NULL	NULL	NULL	NULL	NULL	NULL	2018-08-01 19:14:30
Paramonov, S.J.	1950	Notes on Australian Diptera (I-V)	515-534	NULL	Annals and Magazine of Natural History	NULL	June	NULL	<!--MARK--><a href='null6454a3e7-0724-402e-8d10-01ba552fddb4' class='mouseoverHref'>Paramonov, S.J. 1950. Notes on Australian Diptera (I-V).</a> <!--MARK--><!--MARK--><a href='nullefa8de69-3a29-4a43-8ef2-cbefda205976' class='mouseoverHref'><em>Annals and Magazine of Natural History</em></a> 12 <strong>iii</strong>: 515-534<!--MARK--> [Date published June]	NULL	Article in Journal	6454a3e7-0724-402e-8d10-01ba552fddb4	2012-10-03 01:58:55	efa8de69-3a29-4a43-8ef2-cbefda205976	NULL	0374-5481	12	3	NULL	515	534	NULL	NULL	NULL	NULL	NULL	NULL	NULL	NULL	NULL	NULL	NULL	NULL	NULL	NULL	NULL	NULL	NULL	NULL	NULL	2018-08-01 19:16:51
Paramonov, S.J.	1950	Notes on Australian Diptera (I-V). II. A review of the genus <em>Amphibola</em> Macq. (Tachinidae)	519-525	NULL	Annals and Magazine of Natural History	NULL	2 June	NULL	<!--MARK--><a href='nulld2cdb178-0df7-4ffe-b08d-6b45d6a3655a' class='mouseoverHref'>Paramonov, S.J. 1950. Notes on Australian Diptera (I-V). II. A review of the genus <em>Amphibola</em> Macq. (Tachinidae).</a> <!--MARK--><!--MARK--><a href='nullefa8de69-3a29-4a43-8ef2-cbefda205976' class='mouseoverHref'><em>Annals and Magazine of Natural History</em></a> (12) <strong>3</strong>: 519-525<!--MARK--> [Date published 2 June]	NULL	Article in Journal	d2cdb178-0df7-4ffe-b08d-6b45d6a3655a	2012-11-07 04:28:47	efa8de69-3a29-4a43-8ef2-cbefda205976	NULL	0374-5481	12	3	NULL	519	525	NULL	NULL	NULL	NULL	NULL	NULL	NULL	NULL	NULL	NULL	NULL	NULL	NULL	NULL	NULL	NULL	NULL	NULL	NULL	2018-07-07 17:15:37
Paramonov, S.J.	1950	Notes on Australian Diptera (I-V). III A note on two Australian therevids	525-529	NULL	Annals and Magazine of Natural History	NULL	NULL	NULL	<!--MARK--><a href='nullf2bcba97-fefd-4d23-bb84-dc583ef8948a' class='mouseoverHref'>Paramonov, S.J. 1950. Notes on Australian Diptera (I-V). III A note on two Australian therevids.</a> <!--MARK--><!--MARK--><a href='nullefa8de69-3a29-4a43-8ef2-cbefda205976' class='mouseoverHref'><em>Annals and Magazine of Natural History</em></a> <strong>3</strong>: 525-529<!--MARK-->	NULL	Article in Journal	f2bcba97-fefd-4d23-bb84-dc583ef8948a	2009-07-01 22:39:25	efa8de69-3a29-4a43-8ef2-cbefda205976	NULL	0374-5481	12	3	NULL	525	529	NULL	NULL	NULL	NULL	NULL	NULL	NULL	NULL	NULL	NULL	NULL	NULL	NULL	NULL	NULL	NULL	NULL	NULL	NULL	2018-08-01 19:15:04
Paramonov, S.J.	1950	Notes on Australian Diptera (I-V). IV. A review of Australian species of the genus <i>Antonia</i> (Bombyliidae)	529-533	NULL	Annals and Magazine of Natural History	NULL	2 June*	NULL	<!--MARK--><a href='../../../../publication/b3aa6343-087a-4a9d-8e61-6eb2b8981dfc' class='mouseoverHref'>Paramonov, S.J. 1950. Notes on Australian Diptera (I-V). IV. A review of Australian species of the genus <i>Antonia</i> (Bombyliidae).</a> <!--MARK--><!--MARK--><a href='../../../../publication/efa8de69-3a29-4a43-8ef2-cbefda205976' class='mouseoverHref'><em>Annals and Magazine of Natural History</em></a> 12 <strong>3</strong>: 529-533<!--MARK--> [Date published 2 June*]	NULL	Article in Journal	b3aa6343-087a-4a9d-8e61-6eb2b8981dfc	2010-08-30 07:02:26	efa8de69-3a29-4a43-8ef2-cbefda205976	NULL	0374-5481	12	3	NULL	529	533	NULL	NULL	NULL	NULL	NULL	NULL	NULL	NULL	NULL	NULL	NULL	NULL	NULL	NULL	NULL	NULL	NULL	NULL	NULL	2018-07-07 17:15:37
Hopkins, G.H.E.	1951	Stray notes on Mallophaga. - XI. 92. The host of <i>Saemundssonia uppalensis</i> (Rudow), 1870	374	NULL	Annals and Magazine of Natural History	NULL	NULL	NULL	<!--MARK--><a href='nulla7658d22-3252-4229-91ad-1832326cb86d' class='mouseoverHref'>Hopkins, G.H.E. 1951. Stray notes on Mallophaga. - XI. 92. The host of <i>Saemundssonia uppalensis</i> (Rudow), 1870.</a> <!--MARK--><!--MARK--><a href='nullefa8de69-3a29-4a43-8ef2-cbefda205976' class='mouseoverHref'><em>Annals and Magazine of Natural History</em></a> 12 <strong>4</strong>: 374<!--MARK-->	NULL	Article in Journal	a7658d22-3252-4229-91ad-1832326cb86d	2008-10-09 05:11:37	efa8de69-3a29-4a43-8ef2-cbefda205976	NULL	0374-5481	12	4	NULL	374	NULL	NULL	NULL	NULL	NULL	NULL	NULL	NULL	NULL	NULL	NULL	NULL	NULL	NULL	NULL	NULL	NULL	NULL	NULL	NULL	2018-07-07 17:15:37
Bischoff, H.	1951	Über einige Trigonaloiden des British Museum (Natural History) (Hymenoptera)	908-914	NULL	Annals and Magazine of Natural History	NULL	NULL	NULL	<!--MARK--><a href='nulle8ba7efb-865c-4e78-923d-8eb6926f3f41' class='mouseoverHref'>Bischoff, H. 1951. Über einige Trigonaloiden des British Museum (Natural History) (Hymenoptera).</a> <!--MARK--><!--MARK--><a href='nullefa8de69-3a29-4a43-8ef2-cbefda205976' class='mouseoverHref'><em>Annals and Magazine of Natural History</em></a> <strong>12</strong>(4): 908-914<!--MARK-->	NULL	Article in Journal	e8ba7efb-865c-4e78-923d-8eb6926f3f41	2008-10-09 05:11:37	efa8de69-3a29-4a43-8ef2-cbefda205976	NULL	0374-5481	12	4	NULL	908	914	NULL	NULL	NULL	NULL	NULL	NULL	NULL	NULL	NULL	NULL	NULL	NULL	NULL	NULL	NULL	NULL	NULL	NULL	NULL	2018-08-01 19:14:24
Kimmins, D.E.	1952	Some new Australian Chrysopidae	68-81	NULL	Annals and Magazine of Natural History	NULL	NULL	NULL	<!--MARK--><a href='null200b0502-3eb4-4f4c-917d-8a6295e8263c' class='mouseoverHref'>Kimmins, D.E. 1952. Some new Australian Chrysopidae.</a> <!--MARK--><!--MARK--><a href='nullefa8de69-3a29-4a43-8ef2-cbefda205976' class='mouseoverHref'><em>Annals and Magazine of Natural History</em></a> 12 <strong>5</strong>: 68-81<!--MARK-->	NULL	Article in Journal	200b0502-3eb4-4f4c-917d-8a6295e8263c	2008-10-09 05:11:37	efa8de69-3a29-4a43-8ef2-cbefda205976	NULL	0374-5481	12	5	NULL	68	81	NULL	NULL	NULL	NULL	NULL	NULL	NULL	NULL	NULL	NULL	NULL	NULL	NULL	NULL	NULL	NULL	NULL	NULL	NULL	2018-07-07 17:15:37
China, W.E.	1952	A new genus and species of Aphrophorinae (Cercopidae, Hemiptera-Homoptera) from Australia	789-792	NULL	Annals and Magazine of Natural History	NULL	NULL	NULL	<!--MARK--><a href='nulle078b393-7518-4f74-9684-b2ea3c886224' class='mouseoverHref'>China, W.E. 1952. A new genus and species of Aphrophorinae (Cercopidae, Hemiptera-Homoptera) from Australia.</a> <!--MARK--><!--MARK--><a href='nullefa8de69-3a29-4a43-8ef2-cbefda205976' class='mouseoverHref'><em>Annals and Magazine of Natural History</em></a> <strong>(12) 5</strong>: 789-792<!--MARK-->	NULL	Article in Journal	e078b393-7518-4f74-9684-b2ea3c886224	2008-10-09 05:11:37	efa8de69-3a29-4a43-8ef2-cbefda205976	NULL	0374-5481	12	5	NULL	789	792	NULL	NULL	NULL	NULL	NULL	NULL	NULL	NULL	NULL	NULL	NULL	NULL	NULL	NULL	NULL	NULL	NULL	NULL	NULL	2018-08-01 19:13:28
Totten, A.K.	1952	Notes on some little-known corals from N.W. and South Australia.	975-979	NULL	Annals and Magazine of Natural History	NULL	NULL	NULL	<!--MARK--><a href='null181fd0f2-9d87-4825-82d3-e57298e8f581' class='mouseoverHref'>Totten, A.K. 1952. Notes on some little-known corals from N.W. and South Australia.</a> <!--MARK--><!--MARK--><a href='nullefa8de69-3a29-4a43-8ef2-cbefda205976' class='mouseoverHref'><em>Annals and Magazine of Natural History</em></a> <strong>12</strong>(5): 975-979<!--MARK-->	NULL	Article in Journal	181fd0f2-9d87-4825-82d3-e57298e8f581	2011-07-23 03:36:23	efa8de69-3a29-4a43-8ef2-cbefda205976	NULL	0374-5481	12	5	NULL	975	979	NULL	NULL	NULL	NULL	NULL	NULL	NULL	NULL	NULL	NULL	NULL	NULL	NULL	NULL	NULL	NULL	NULL	NULL	NULL	2018-08-01 19:13:36
Paramonov, S.J.	1953	Notes on Australian Diptera (IX-XII). X. A note on the genus <I>Phellus </I>Wlk. (Asilidae)	199-204	NULL	Annals and Magazine of Natural History	NULL	NULL	NULL	<!--MARK--><a href='null0b11ad71-310b-4531-9c87-6bd65a6967e5' class='mouseoverHref'>Paramonov, S.J. 1953. Notes on Australian Diptera (IX-XII). X. A note on the genus <I>Phellus </I>Wlk. (Asilidae).</a> <!--MARK--><!--MARK--><a href='nullefa8de69-3a29-4a43-8ef2-cbefda205976' class='mouseoverHref'><em>Annals and Magazine of Natural History</em></a> 12 <strong>6</strong>: 199-204<!--MARK-->	NULL	Article in Journal	0b11ad71-310b-4531-9c87-6bd65a6967e5	NULL	efa8de69-3a29-4a43-8ef2-cbefda205976	NULL	0374-5481	12	6	NULL	199	204	NULL	NULL	NULL	NULL	NULL	NULL	NULL	NULL	NULL	NULL	NULL	NULL	NULL	NULL	NULL	NULL	NULL	NULL	NULL	2018-07-07 17:15:37
Paramonov, S.J.	1953	Notes on Australian Diptera (IX-XII). XI. A new species of <i>Antonia</i> (Bombyliidae)	204-205	NULL	Annals and Magazine of Natural History	NULL	6 March	NULL	<!--MARK--><a href='../../../../publication/e269ab31-75ad-4e91-a37c-ebe0ed25cea2' class='mouseoverHref'>Paramonov, S.J. 1953. Notes on Australian Diptera (IX-XII). XI. A new species of <i>Antonia</i> (Bombyliidae).</a> <!--MARK--><!--MARK--><a href='../../../../publication/efa8de69-3a29-4a43-8ef2-cbefda205976' class='mouseoverHref'><em>Annals and Magazine of Natural History</em></a> 12 <strong>6</strong>: 204-205<!--MARK--> [Date published 6 March]	NULL	Article in Journal	e269ab31-75ad-4e91-a37c-ebe0ed25cea2	2010-08-30 07:01:25	efa8de69-3a29-4a43-8ef2-cbefda205976	NULL	0374-5481	12	6	NULL	204	205	NULL	NULL	NULL	NULL	NULL	NULL	NULL	NULL	NULL	NULL	NULL	NULL	NULL	NULL	NULL	NULL	NULL	NULL	NULL	2018-07-07 17:15:37
Paramonov, S.J.	1953	Notes on Australian Diptera (IX-XII). XII. Note on the genus <em>Euthera</em> (Tachinidae)	206-208	NULL	Annals and Magazine of Natural History	NULL	NULL	NULL	<!--MARK--><a href='nullc87c1293-b7be-4456-8c63-04b5f6e7b4c2' class='mouseoverHref'>Paramonov, S.J. 1953. Notes on Australian Diptera (IX-XII). XII. Note on the genus <em>Euthera</em> (Tachinidae).</a> <!--MARK--><!--MARK--><a href='nullefa8de69-3a29-4a43-8ef2-cbefda205976' class='mouseoverHref'><em>Annals and Magazine of Natural History</em></a> (12) <strong>6</strong>: 206-208<!--MARK-->	NULL	Article in Journal	c87c1293-b7be-4456-8c63-04b5f6e7b4c2	2012-08-29 22:34:18	efa8de69-3a29-4a43-8ef2-cbefda205976	NULL	0374-5481	12	6	NULL	206	208	NULL	NULL	NULL	NULL	NULL	NULL	NULL	NULL	NULL	NULL	NULL	NULL	NULL	NULL	NULL	NULL	NULL	NULL	NULL	2018-07-07 17:15:37
Paramonov, S.J.	1954	Notes on Australian Diptera (XIII-XV). XIV. Notes on some hippoboscids (especially <em>Ortholfersia</em>)	283-292	NULL	Annals and Magazine of Natural History	NULL	13 April	NULL	<!--MARK--><a href='null9db14e39-e128-4dc5-a871-d7ce380e465b' class='mouseoverHref'>Paramonov, S.J. 1954. Notes on Australian Diptera (XIII-XV). XIV. Notes on some hippoboscids (especially <em>Ortholfersia</em>).</a> <!--MARK--><!--MARK--><a href='nullefa8de69-3a29-4a43-8ef2-cbefda205976' class='mouseoverHref'><em>Annals and Magazine of Natural History</em></a> (12) <strong>7</strong>: 283-292<!--MARK--> [Date published 13 April]	NULL	Article in Journal	9db14e39-e128-4dc5-a871-d7ce380e465b	2011-12-01 21:14:18	efa8de69-3a29-4a43-8ef2-cbefda205976	NULL	0374-5481	12	7	NULL	283	292	NULL	NULL	NULL	NULL	NULL	NULL	NULL	NULL	NULL	NULL	NULL	NULL	NULL	NULL	NULL	NULL	NULL	NULL	NULL	2018-07-07 17:15:37
Paramonov, S.J.	1954	Notes on Australian Diptera (XIII-XV). XV. On the family Thyreophoridae (Acalyptrata)	292-297	NULL	Annals and Magazine of Natural History	NULL	NULL	NULL	<!--MARK--><a href='nulld57f5a4c-3c2b-4266-bedf-b30d09207bea' class='mouseoverHref'>Paramonov, S.J. 1954. Notes on Australian Diptera (XIII-XV). XV. On the family Thyreophoridae (Acalyptrata).</a> <!--MARK--><!--MARK--><a href='nullefa8de69-3a29-4a43-8ef2-cbefda205976' class='mouseoverHref'><em>Annals and Magazine of Natural History</em></a> (12) <strong>7</strong>: 292-297<!--MARK-->	NULL	Article in Journal	d57f5a4c-3c2b-4266-bedf-b30d09207bea	2012-09-27 05:34:17	efa8de69-3a29-4a43-8ef2-cbefda205976	NULL	0374-5481	12	7	NULL	292	297	NULL	NULL	NULL	NULL	NULL	NULL	NULL	NULL	NULL	NULL	NULL	NULL	NULL	NULL	NULL	NULL	NULL	NULL	NULL	2018-07-07 17:15:37
Kabata, Z.	1964	Copepoda parasitic on Australian fishes. I. <i>Hermilius youngi</i> sp. nov. (Caligidae)	609-618	NULL	Annals and Magazine of Natural History	NULL	NULL	NULL	<!--MARK--><a href='null8ffbb8c0-a66c-4222-b946-02add9df12ef' class='mouseoverHref'>Kabata, Z. 1964. Copepoda parasitic on Australian fishes. I. <i>Hermilius youngi</i> sp. nov. (Caligidae).</a> <!--MARK--><!--MARK--><a href='nullefa8de69-3a29-4a43-8ef2-cbefda205976' class='mouseoverHref'><em>Annals and Magazine of Natural History</em></a> 12 <strong>7</strong>: 609-618<!--MARK-->	NULL	Article in Journal	8ffbb8c0-a66c-4222-b946-02add9df12ef	2008-10-09 05:11:37	efa8de69-3a29-4a43-8ef2-cbefda205976	NULL	0374-5481	12	7	NULL	609	618	NULL	NULL	NULL	NULL	NULL	NULL	NULL	NULL	NULL	NULL	NULL	NULL	NULL	NULL	NULL	NULL	NULL	NULL	NULL	2018-07-07 17:15:37
Kabata, Z.	1965	Copepoda parasitic on Australian fishes. III. Genera <i>Dentigryps</i>, <i>Heniochophilus</i> and <i>Pseudanuretes</i> (Caligidae)	19-31	NULL	Annals and Magazine of Natural History	NULL	NULL	NULL	<!--MARK--><a href='nulla780206c-114a-4bc5-8544-dc3820901d76' class='mouseoverHref'>Kabata, Z. 1965. Copepoda parasitic on Australian fishes. III. Genera <i>Dentigryps</i>, <i>Heniochophilus</i> and <i>Pseudanuretes</i> (Caligidae).</a> <!--MARK--><!--MARK--><a href='nullefa8de69-3a29-4a43-8ef2-cbefda205976' class='mouseoverHref'><em>Annals and Magazine of Natural History</em></a> 12 <strong>8</strong>: 19-31<!--MARK-->	NULL	Article in Journal	a780206c-114a-4bc5-8544-dc3820901d76	2008-10-09 05:11:37	efa8de69-3a29-4a43-8ef2-cbefda205976	NULL	0374-5481	12	8	NULL	19	31	NULL	NULL	NULL	NULL	NULL	NULL	NULL	NULL	NULL	NULL	NULL	NULL	NULL	NULL	NULL	NULL	NULL	NULL	NULL	2018-07-07 17:15:37
Paramonov, S.J.	1955	Notes on Australian Dipetera (XVI-XIX). XVIII. Some new mydaids	134-135	NULL	Annals and Magazine of Natural History	NULL	NULL	NULL	<!--MARK--><a href='null5b2107d4-80c0-4f62-81b3-3c9d48b79c01' class='mouseoverHref'>Paramonov, S.J. 1955. Notes on Australian Dipetera (XVI-XIX). XVIII. Some new mydaids.</a> <!--MARK--><!--MARK--><a href='nullefa8de69-3a29-4a43-8ef2-cbefda205976' class='mouseoverHref'><em>Annals and Magazine of Natural History</em></a> 12 <strong>8</strong>: 134-135<!--MARK-->	NULL	Article in Journal	5b2107d4-80c0-4f62-81b3-3c9d48b79c01	2012-10-22 03:11:22	efa8de69-3a29-4a43-8ef2-cbefda205976	NULL	0374-5481	12	8	NULL	134	135	NULL	NULL	NULL	NULL	NULL	NULL	NULL	NULL	NULL	NULL	NULL	NULL	NULL	NULL	NULL	NULL	NULL	NULL	NULL	2018-07-07 17:15:37
Timmermann, G.	1955	Studien über Mallophagen aus den Sammlungen des Britischen Museums (Nat. Hist.), London. 3. Mitteilung	513-534	NULL	Annals and Magazine of Natural History	NULL	NULL	NULL	<!--MARK--><a href='nulld4d237e4-2c27-4e19-a7b0-36e294a9ed9e' class='mouseoverHref'>Timmermann, G. 1955. Studien über Mallophagen aus den Sammlungen des Britischen Museums (Nat. Hist.), London. 3. Mitteilung.</a> <!--MARK--><!--MARK--><a href='nullefa8de69-3a29-4a43-8ef2-cbefda205976' class='mouseoverHref'><em>Annals and Magazine of Natural History</em></a> 12 <strong>8</strong>: 513-534<!--MARK-->	NULL	Article in Journal	d4d237e4-2c27-4e19-a7b0-36e294a9ed9e	2008-10-09 05:11:37	efa8de69-3a29-4a43-8ef2-cbefda205976	NULL	0374-5481	12	8	NULL	513	534	NULL	NULL	NULL	NULL	NULL	NULL	NULL	NULL	NULL	NULL	NULL	NULL	NULL	NULL	NULL	NULL	NULL	NULL	NULL	2018-07-07 17:15:37
Alexander, C.P.	1953	New or little-known Tipulidae (Diptera). XCVI. Oriental-Australasian species	898-914	NULL	Annals and Magazine of Natural History	NULL	NULL	NULL	<!--MARK--><a href='null6e52fd86-d3ff-44ae-87f3-88f704e194ea' class='mouseoverHref'>Alexander, C.P. 1953. New or little-known Tipulidae (Diptera). XCVI. Oriental-Australasian species.</a> <!--MARK--><!--MARK--><a href='nullefa8de69-3a29-4a43-8ef2-cbefda205976' class='mouseoverHref'><em>Annals and Magazine of Natural History</em></a> <strong>12</strong>(8): 898-914<!--MARK-->	NULL	Article in Journal	6e52fd86-d3ff-44ae-87f3-88f704e194ea	2008-10-09 05:11:37	efa8de69-3a29-4a43-8ef2-cbefda205976	NULL	0374-5481	12	8	NULL	898	914	NULL	NULL	NULL	NULL	NULL	NULL	NULL	NULL	NULL	NULL	NULL	NULL	NULL	NULL	NULL	NULL	NULL	NULL	NULL	2018-08-01 19:12:33
Smith, G.A.	1923	Rep. echinoderms of the 'Quest'	372?	NULL	Annals and Magazine of Natural History	NULL	NULL	NULL	<!--MARK--><a href='nulldf7cf94d-a318-4ca3-a720-d379eb1e938d' class='mouseoverHref'>Smith, G.A. 1923. Rep. echinoderms of the 'Quest'.</a> <!--MARK--><!--MARK--><a href='nullefa8de69-3a29-4a43-8ef2-cbefda205976' class='mouseoverHref'><em>Annals and Magazine of Natural History</em></a> 12 <strong>9</strong>: 372?<!--MARK-->	NULL	Article in Journal	df7cf94d-a318-4ca3-a720-d379eb1e938d	NULL	efa8de69-3a29-4a43-8ef2-cbefda205976	NULL	0374-5481	12	9	NULL	NULL	NULL	NULL	NULL	NULL	NULL	NULL	NULL	NULL	NULL	NULL	NULL	NULL	NULL	NULL	NULL	NULL	NULL	NULL	NULL	NULL	2018-07-07 17:15:37
Kabata, Z.	1966	Copepoda parasitic on Australian fishes. V. Genus <i>Dissonus</i> (Dissonidae)	212-226	NULL	Annals and Magazine of Natural History	NULL	NULL	NULL	<!--MARK--><a href='null8b6d2dc3-eca0-4e2d-a974-cffb4149eef5' class='mouseoverHref'>Kabata, Z. 1966. Copepoda parasitic on Australian fishes. V. Genus <i>Dissonus</i> (Dissonidae).</a> <!--MARK--><!--MARK--><a href='nullefa8de69-3a29-4a43-8ef2-cbefda205976' class='mouseoverHref'><em>Annals and Magazine of Natural History</em></a> 12 <strong>9</strong>: 212-226<!--MARK-->	NULL	Article in Journal	8b6d2dc3-eca0-4e2d-a974-cffb4149eef5	2008-10-09 05:11:37	efa8de69-3a29-4a43-8ef2-cbefda205976	NULL	0374-5481	12	9	NULL	212	226	NULL	NULL	NULL	NULL	NULL	NULL	NULL	NULL	NULL	NULL	NULL	NULL	NULL	NULL	NULL	NULL	NULL	NULL	NULL	2018-07-07 17:15:37
Smith, J.L.B.	1956	An interesting new gobioid fish from Madagascar, with a note on <i>Cryptocentrus oni</i> Tomiyama, 1936	535-556 fig. 1	NULL	Annals and Magazine of Natural History	NULL	NULL	NULL	<!--MARK--><a href='nulla4df5c0b-c940-4aec-a338-5e807193da7d' class='mouseoverHref'>Smith, J.L.B. 1956. An interesting new gobioid fish from Madagascar, with a note on <i>Cryptocentrus oni</i> Tomiyama, 1936.</a> <!--MARK--><!--MARK--><a href='nullefa8de69-3a29-4a43-8ef2-cbefda205976' class='mouseoverHref'><em>Annals and Magazine of Natural History</em></a> 12 <strong>9</strong>(104): 535-556 fig. 1<!--MARK-->	NULL	Article in Journal	a4df5c0b-c940-4aec-a338-5e807193da7d	2008-10-09 05:11:37	efa8de69-3a29-4a43-8ef2-cbefda205976	NULL	0374-5481	12	9	104	535	556	NULL	NULL	NULL	NULL	NULL	NULL	NULL	NULL	NULL	NULL	NULL	NULL	NULL	NULL	NULL	NULL	NULL	NULL	NULL	2018-07-07 17:15:37
Kabata, Z.	1966	Copepoda parasitic on Australian fishes. VI. Some Caligoid species	563-570	NULL	Annals and Magazine of Natural History	NULL	NULL	NULL	<!--MARK--><a href='null7c5a2d18-2950-479a-8925-8107d0854641' class='mouseoverHref'>Kabata, Z. 1966. Copepoda parasitic on Australian fishes. VI. Some Caligoid species.</a> <!--MARK--><!--MARK--><a href='nullefa8de69-3a29-4a43-8ef2-cbefda205976' class='mouseoverHref'><em>Annals and Magazine of Natural History</em></a> 12 <strong>9</strong>: 563-570<!--MARK-->	NULL	Article in Journal	7c5a2d18-2950-479a-8925-8107d0854641	2008-10-09 05:11:37	efa8de69-3a29-4a43-8ef2-cbefda205976	NULL	0374-5481	12	9	NULL	563	570	NULL	NULL	NULL	NULL	NULL	NULL	NULL	NULL	NULL	NULL	NULL	NULL	NULL	NULL	NULL	NULL	NULL	NULL	NULL	2018-07-07 17:15:37
Fernando, E.W.F.	1956	A new species of <em>Spilophion</em> (Ichneumonidae, Hymenoptera) from Ceylon.	666-668	NULL	Annals and Magazine of Natural History	NULL	NULL	NULL	<!--MARK--><a href='nulle822430b-ab91-4505-8a38-3f4188137e06' class='mouseoverHref'>Fernando, E.W.F. 1956. A new species of <em>Spilophion</em> (Ichneumonidae, Hymenoptera) from Ceylon.</a> <!--MARK--><!--MARK--><a href='nullefa8de69-3a29-4a43-8ef2-cbefda205976' class='mouseoverHref'><em>Annals and Magazine of Natural History</em></a> <strong>9</strong>(12): 666-668<!--MARK-->	NULL	Article in Journal	e822430b-ab91-4505-8a38-3f4188137e06	2011-07-26 04:09:53	efa8de69-3a29-4a43-8ef2-cbefda205976	NULL	0374-5481	12	9	NULL	666	668	NULL	NULL	NULL	NULL	NULL	NULL	NULL	NULL	NULL	NULL	NULL	NULL	NULL	NULL	NULL	NULL	NULL	NULL	NULL	2018-08-01 19:10:25
De Lotto, G.	1957	New Aspidiotini (Hom.: Coccoidea: Diaspididae) from Kenya	225-231	NULL	Annals and Magazine of Natural History	NULL	NULL	NULL	<!--MARK--><a href='nullec7d7509-606d-4dec-b63b-c83cb1ca7ac6' class='mouseoverHref'>De Lotto, G. 1957. New Aspidiotini (Hom.: Coccoidea: Diaspididae) from Kenya.</a> <!--MARK--><!--MARK--><a href='nullefa8de69-3a29-4a43-8ef2-cbefda205976' class='mouseoverHref'><em>Annals and Magazine of Natural History</em></a> <strong>10</strong>: 225-231<!--MARK-->	NULL	Article in Journal	ec7d7509-606d-4dec-b63b-c83cb1ca7ac6	2008-10-09 05:11:37	efa8de69-3a29-4a43-8ef2-cbefda205976	NULL	0374-5481	12	10	NULL	225	231	NULL	NULL	NULL	NULL	NULL	NULL	NULL	NULL	NULL	NULL	NULL	NULL	NULL	NULL	NULL	NULL	NULL	NULL	NULL	2018-08-01 19:12:00
